feature_1,feature_2,label
-2.0498514604114835,0.4537682341382657,-164.49668741265805
-1.266296372532835,-1.2796481974587093,-234.0815393460183
-0.2335472661599154,-0.3511287100901479,-52.947714509653615
-1.7878780222857653,0.31956279820569705,-149.9454384906898
0.37584787680374043,1.7578088089540773,186.48957658596555
2.901185961618511,-0.8224645739118266,217.5097041409096
-1.9827640803244369,0.8622664200047817,-123.16454328456561
-0.25924042892907323,0.2503879802564232,-4.414965112270178
-0.7866640324614714,0.7978592310181276,-10.165521610700495
1.3370300221748044,0.5636486055450249,180.2885725591984
-0.8552707988769572,0.10426804109556323,-75.85670666914746
-0.2740986603004265,1.6798278851573585,115.49368603400578
-0.3060086068293932,1.3822826138596087,87.06722281089849
1.6350508108351425,-1.1106247178766055,67.63592504463259
2.169728929352648,-1.023019207105223,128.03228411457872
1.1521063278202233,-0.20023361327420494,97.10800507229332
0.17438667586211584,-1.1225954859104406,-78.05253769215317
0.6830161348815185,-0.36449573533392743,36.69856014826895
1.9465153181032604,-0.608825074690371,141.09513793320951
1.3117408119508784,1.0918836592298993,222.63865214743635
-0.229025400143212,1.4907379808215382,103.90149235403784
0.9115280439894439,-0.7330646928011091,28.03472060533548
1.1223896674478704,0.6781613918912496,168.75325170945732
0.32004715683777096,1.449927047056202,154.81912491949424
0.21481043736032937,-1.2047273793000974,-81.02294791403013
-0.18460652092331284,1.0900438762857618,74.27620343337829
-1.5821817504479274,0.5971148667181013,-106.00396471421286
-0.07148198258688906,0.6034753443772034,44.1638986397788
-0.7988524409628729,-0.7690269225327073,-144.4242068153181
0.9538649669195588,-0.5665462238461212,46.367841273356746
-0.17540720490886216,-0.06430271187842228,-22.833503337065007
-1.5477028104620734,-0.8127782075156809,-222.30946526039804
1.2292606153294834,0.4888916605466933,163.26656083754838
-0.21825915915885746,-1.064337300633818,-111.9953069854705
-0.71366149469971,-0.1609283062675087,-84.35000210742358
-0.8038445220514997,-1.6149766256556102,-216.75211320433056
-0.07134575405889661,0.38442193851336487,25.57656340629094
0.01979488686481072,-0.2077631411529967,-15.681528723736697
0.36323427619500126,1.006490814805044,121.44240609105432
-1.9862858457245833,-0.41317241308047276,-231.81671099913177
-0.12104492294934453,0.701579234190799,47.58537119426353
-0.9665332001422435,0.5158874435652571,-51.92423975782867
1.2812392919920137,2.2436987939768627,317.42351766662506
-0.10413169719827244,-0.30785003369083946,-36.45471535698142
-1.5990171853603918,1.0737295788868493,-67.19989774752536
-0.2544104211799601,1.2853217289710646,83.94438959320283
0.2323816793877198,-0.15887333517349733,9.525658923487294
1.6913868394743492,-0.7213151661598941,106.27380314002878
1.3919669299490207,-0.2627355534208371,115.55775297812423
-2.87317462183894,-1.3605874860309708,-400.10826114006034
-0.3437502859420432,-0.02184289633768971,-35.90164293828777
-0.3336375722316398,-1.0082154279992626,-118.65743540895635
-0.28212862136462824,0.34917283814167954,1.7063409306788166
1.1830141367066949,1.329531604637108,230.06865090513185
0.21912852345558173,-0.28340689730685303,-2.3617195269308837
-0.23530543484568484,-0.022434166583341308,-25.210893691648977
-1.2077931111530182,0.9572189390997606,-38.34442996095028
-1.2649807809301117,-0.9829213620165186,-208.7548014226907
-0.5308310930035445,0.6117053756902648,-0.633638675278192
0.7341785813521283,0.13217374930077688,83.94044271004259
-1.8006133993788755,0.26333268624275585,-155.98157455415725
-0.368204240782342,0.5672487751455255,11.698778962091069
-0.31470521898480597,-1.100138806902096,-124.58790926501594
0.17394084054555087,0.9478067937808641,97.71064514090463
-1.20936894347786,0.6433578103098577,-65.1518948432994
-0.3662387860184421,-0.7796932355237409,-102.4815675062159
-1.4386823941186444,0.07884497480345659,-135.79969313611346
1.0553734469428286,-0.4058794013575761,70.06473858966658
1.1610799621988033,-0.7232545098852663,53.58470175267085
0.8345229467648082,-1.116324418669758,-12.136613909264966
1.1573657286743237,-1.7419831387431524,-33.28808976764725
-0.05085857017299799,-1.5807443065664426,-139.26554360731362
-0.37959085254451125,0.15315490553955546,-24.59161898981126
0.5440097441562481,2.366391663686784,254.8227829554354
-0.8351121054604811,0.21072160312460214,-64.82062256015547
0.227597842343767,0.9330105310564505,101.7687024712984
1.4588611781572436,1.523457013926731,273.8571085524703
1.3803514405452377,-0.5906292110988397,86.5643405855101
-0.011802792290621332,-0.9028884974025877,-77.83740939029406
-0.5900363320872944,-0.0018749052583759318,-58.599553541311614
2.2876515041306216,1.2584802564595878,333.44453467639465
-0.12685229266989742,-0.3152765151918713,-39.33570092914314
-0.21749705522467536,-0.9313400897136427,-100.62642179186348
-0.21589656673454866,-1.0240527868717118,-108.3405606442048
1.966739360534946,-0.20366146667277055,177.50253275969717
-1.4903804958659397,1.1297742161539421,-51.680933482941626
-1.7502958571631364,1.0678366685109475,-82.68373863346422
-1.5606305150857598,-0.5075576780427205,-197.67222093291457
-2.168461860991951,0.9884763023151355,-130.8399831675144
0.5632096887757826,-0.1505530364211366,42.999144939704955
-1.0894233837492047,0.7658862233535673,-42.86739780653858
-1.274988227317412,1.0721138499304883,-35.24353967934317
-0.6329345088526409,-2.58783694639908,-282.43429940379934
-0.17328096856030678,0.9397683159937736,62.637360432758044
0.2302280274897776,-0.45012943810143813,-15.419540007675497
-0.5038968405890039,-0.47697360067746647,-90.41064501303165
-1.0127076417401282,-0.20276982690345405,-117.52208337872129
0.43472712109314754,-0.07744517587435337,36.48146915568605
-1.5748008966115496,-0.7148185315948297,-216.67519953497896
0.25870547951994566,0.0555686303140622,30.342158061117736
0.627440538380169,-0.7265739348651026,0.44833815272999544
0.2992408033400565,0.5192113169273296,73.72701699515031
-1.1128301631699755,0.3456568268509555,-80.86933299431618
-0.40744486582401734,-2.9024363880207544,-286.8146815160852
0.07208524383128294,-0.9858666597630094,-76.57474650374593
0.5207367434010051,0.675283518112458,108.91796226362587
-0.03319321916746389,0.7703035996478886,62.122373363986426
-0.988642458647079,0.7708925336350639,-32.46040848341916
0.6180860988477599,1.446738061460723,184.06770069043677
-0.8505572633399676,-0.34109308291029056,-113.20750590873847
0.6993080047907924,-1.3180462953758794,-42.658151774213906
0.08272893332491464,0.9458814816977942,88.51304407788034
0.6812416182806141,-0.005865949453802963,66.97570032542069
0.8702025383311793,0.6731970626752123,143.3537488458153
-0.42213617487201743,0.8838141295862408,33.23808665710009
-1.0889367060895632,-1.2493978270556607,-213.94619408671926
-0.5596263217620195,-0.9662096851503368,-137.47366700596956
-0.23984616563647698,0.5644976766680939,24.178439267090663
0.5621425687979097,-1.0931750338719397,-37.14889966202077
2.0153684079313727,-1.5279802632278943,69.86503823414179
0.904603643360863,-0.17570806050936433,74.67659555664964
-1.190063562095677,-0.07262652293918039,-124.03729605533455
0.976791923469376,0.10977727958347995,106.06837586424155
1.261169288561512,0.6294554073169015,178.3628776681103
-0.07361470446832452,0.5565425998809135,39.967388180779594
1.8319609240818338,-1.187765385961246,80.58858590915682
-0.9300184909268091,-1.4148234227375844,-212.25313111059933
1.7476631029449026,-0.6860781756422487,114.83983882550366
-1.2662234216651203,0.24393206209669666,-104.70013552863178
0.44851934650112535,0.9601105058627153,125.95113006256094
-0.30864664221469096,0.42840870539900117,5.808135063292315
0.7124629558280231,-1.1709205055944472,-28.862090530631363
1.2097918706985522,-0.5276865059027408,75.01596408457371
0.38407868131126593,0.7398194752432055,100.86266230790804
0.3302116240087562,0.580571078286884,82.00487072005706
0.8513450859734805,0.886590547109246,159.60622432221425
-2.1309675073008023,0.04540575871241293,-207.20678176232187
-0.24830942856407898,-1.081643030564157,-116.44115480953788
0.2735764055185692,0.24080280590996928,47.544136210637774
-0.19759710078867415,0.3621504453702878,11.180781858268713
0.41744230913031954,0.5946561192505578,91.84068857779609
-0.31280110237415776,-0.905717314353724,-107.89009594424277
-0.20415759813910211,-0.5830121672108735,-69.72709141858307
-1.2277795985411162,-0.08670663910688958,-128.96850071235963
-1.3402845179111165,0.8700433640919149,-58.86956322571196
-0.8711678582035999,-0.6825978784749818,-144.24762560551378
0.04903472839394142,-0.013743283651223943,3.689655984226821
-0.14149846780343264,0.8937011007076326,61.87349064424567
-1.0074332183448145,0.22577813297583996,-80.6097061672039
0.36235492018878923,-1.5474698301961183,-95.51318642824145
-0.139780948339729,0.4471712220131915,24.126705672177405
0.5368734865577336,-0.763951036485139,-11.695766822017802
0.12980473323364483,-0.03174904794921747,10.160596330849668
-0.29438965739359607,-1.6354861846765232,-168.03454556849343
-0.6124590448203,0.03432124458330579,-57.746837783188184
1.6334057734212908,0.6898253148997555,220.35745074094658
-0.035726217745514564,0.4034926162898687,30.7238909481045
0.5973505598582106,0.8539292158243151,131.67582790789584
0.3353503670815474,0.5664318285757701,81.31321079845782
-0.8155388510276255,-0.9578147478211239,-162.10775686648307
-0.33601174628812924,-0.027775906186687883,-35.63897571988002
0.5102485598413857,0.549363483136711,97.18670967121854
-0.18095285607355077,0.08033115611098791,-11.101250014718262
-0.44460825041385393,1.0723994512381683,47.02597583383869
0.5364256338147272,-1.107523781819246,-40.914460038171754
0.7078043957180663,-0.2591687555704221,48.09751805748254
1.2522016214354816,1.2397306503510421,229.29593822675298
0.13499461185283346,-2.5411677683287435,-202.41160796851304
0.19677069295691987,1.23929899816565,124.72377375470177
-0.4277486555895554,-0.4742972120564775,-82.64125802938446
-1.6095893288825445,0.23723367860799055,-139.27771759377734
1.7887591800073133,-0.07164396711509546,171.0846365569181
0.22748069304844934,0.053693900663932634,27.090296712834913
1.661741140534144,-1.600684853065978,28.666226989595913
-1.4763116788959187,0.867884549912721,-72.52573388704486
-0.15626361067812386,-1.0377780082013623,-103.5996658859682
0.4498279869350961,-0.2776527101138715,20.976600733043675
0.86000810555208,2.02464276838949,257.10148279667396
-0.6711481824523555,-0.463591188642498,-105.83974845782868
-1.0035153993030885,-0.2838124747351492,-123.49333706951603
-0.19639875854800612,0.19226945895882275,-3.125900602967775
-0.7107392682450494,0.9113127917435058,6.988333668359033
-0.9309453125210433,0.4793542983392843,-51.50162216764033
-0.5691890598828511,-2.0597139472419785,-231.27526714564567
1.0514400903637888,0.7979000062825646,171.89358120307634
-0.6148224784252885,1.508338609846264,67.18464114561834
-0.9258498769386272,0.4553999278917749,-53.031018352618474
1.3162211398983745,0.5684335141236027,178.63385832687572
-0.17159088826207375,-0.9018196287905859,-93.5729125106949
0.34197293912757604,0.12763164163431653,44.708611938835695
-0.5437825306882786,0.588323718446321,-3.901861784927142
2.5214282476983914,0.994897100582148,334.2169777163916
-0.28163898935785264,0.011266669792628983,-26.938323786739286
-2.4918197625307212,-0.19459044768565834,-263.326691770918
1.6589959665796083,-0.32381001410664934,136.81962142643408
-1.4706192548161754,-1.3651951682259202,-261.58295299198767
-1.1727016179207785,-0.18193818033967799,-131.59982997722898
-1.3893297050799625,-0.12764987412492151,-148.44596291088558
-0.1862198156992729,-0.45324894028836554,-56.93164777084331
-1.108154433915771,-1.5125637702448844,-238.19624602501216
-0.14003589137458808,0.1535110909865972,-0.8345720388795144
-1.0421208739246253,-0.17809226387074487,-118.3398419334423
0.293837692502637,0.27430411853735603,52.395672090255616
-1.2468618755098138,0.9076496945167337,-46.42316045491485
-0.9778416979997266,-1.6467425025702778,-236.68310806229684
1.2977626061037109,0.7335045068906049,190.8225607248617
-0.3848116023030555,2.1086814368082756,140.9440048680618
-0.18606919047664985,-0.18118611855450517,-33.81462870789265
0.7525980922178327,-0.21494919192687784,56.289010466974226
1.0657167359828033,0.3340725715453792,133.92190438809183
0.7589950343397258,0.27838677014301216,98.81401394082249
0.3214256110540624,0.41476231818679316,67.05507583235084
1.1396959529538468,0.6357347449057172,166.86471764728907
0.23236951052644214,-1.7248374166966647,-123.44872917579713
0.6225016945283157,0.8806618666667834,136.43692231941856
-0.0998396298625171,1.3015546730046998,100.63231918142137
0.7964436903008372,-0.11683867261510547,68.96272603562883
-0.3405025911867314,-0.34439692887869106,-62.969514234479426
0.3010435007818198,1.850221194943748,186.92771100632194
0.8944325062672501,2.5358088670278267,303.91651388771913
-2.5442259442349577,1.5753034591963901,-118.22748127276654
-1.4222825779411337,2.0533646610288474,33.49014272155529
1.9134629173836988,0.2807674044992481,213.36082385473918
0.4757977434688481,0.2914841613012492,71.87680259368157
1.9783958638292232,0.47206510926839146,236.03609367413264
0.28311525811287375,0.21320911562268333,46.14580843950722
0.9193251920847867,0.7203912986594,152.22659733442137
-0.3253863263188592,1.2919956241054427,77.48126822736013
0.1709525740781141,-0.7024130848870641,-42.71305720252198
-0.8404320467946406,-1.184739543888751,-183.84253563443957
0.3698851579968769,-1.1966117999979784,-64.97438909684256
-1.7705538435732804,-0.7156860440540149,-236.1372803910082
0.22934932870543503,-0.3223134440736698,-4.653129528727156
-0.8833152960517762,0.43590739297945547,-50.47336692028764
-0.8909079326798421,0.4338614072742323,-51.39911618360548
0.7326278088446265,1.2500567297521403,178.71141009475002
-0.40956954017903807,-0.7064453059951996,-100.5534594123942
1.171160232511887,0.13606268432231433,127.55166444874303
0.10563393248321759,-1.4703900236030845,-114.39500347642739
-1.7970806915701512,0.34961682052937804,-148.3048952682803
-0.8632893480685921,-0.6535319917215129,-140.999178345965
-1.116115059776384,-0.02770690599234078,-112.89871137573478
-0.34730374256082436,-1.4877718067323473,-160.73233449637976
1.2809909809252573,-0.060185681158913984,121.76554022576396
0.8037402514278909,-1.5488935242711703,-51.9169203868709
-0.2269185925286663,-2.1577828105062453,-205.7024500825558
0.6263542572522975,1.7933342667058705,214.31769453781166
0.27209570633213975,-0.5082721581056749,-16.20990636004636
-0.09947663810568767,1.3619029752038,105.79272257818165
-0.8668489895476434,-0.6409382488388048,-140.2823518402444
0.5577840139302878,-0.30705368451388326,29.172570293990418
-0.5892600859828272,1.6995838528083584,85.95598644398967
-0.1734926243252642,0.4533204888056297,21.309883807122098
2.2323909196091374,-2.0045962382725087,50.888460306630805
2.6386935556144517,0.39462197354089035,294.85944902793983
0.7000902389915986,0.735945179000175,131.8331489701922
1.0543472337921516,0.15272453410862158,117.39671572699535
-1.0913166947207125,-0.6966370219723762,-167.24446906109904
-1.9531449210619236,0.689017550417255,-134.94225876180812
-1.8493219497122253,-0.3538437800130159,-213.21320992252558
0.3772846465669652,0.16092547729576454,51.033203949496084
0.6245669621083608,-1.1022744556607809,-31.738728236305775
0.5451607238274561,0.29119294179528077,78.72215350527591
1.3404530732029531,-0.4477770250471362,94.7428268183854
0.8678795151510869,-0.5674160814845373,37.77751971779146
1.1803869254244437,-0.8903259382830563,41.31016618061429
0.5401322305567011,-0.6583527988023455,-2.4061733889434365
2.0627820883598935,-0.05558390347618866,199.58906114344535
0.6275750353171937,-0.1595079630811456,48.61382847351685
1.1249219306893818,-0.6522346510680066,56.03403888187693
-0.413420784258935,-0.46272579300283617,-80.23956700663152
0.6323946250081864,0.6881941472424385,121.07345531615144
-1.1121075052497056,-0.6695153722659081,-167.0006783717979
0.08466753552414331,-1.068558343542833,-82.35025882255378
-0.6104954004637775,-0.08725356350651217,-67.87582177860135
-0.405588336406955,1.0624376117345344,50.04481090531045
1.8160866801301456,-0.09519277198143854,171.791661104858
1.1963762265675422,0.03083600005792885,121.11391131564595
0.27209852631276565,0.36169556871371783,57.66331738935976
-0.37740862516870927,-1.6189933318262981,-174.8567034453441
1.2890970906756465,0.02478629733812078,129.78377248526394
-1.2168338002689405,0.6680945303367382,-63.79074589177431
-1.2279399175824086,-0.3915509519254013,-154.87010646163438
0.5922553426905599,0.826180407498932,128.81489199742413
-0.1373767964673833,-0.48087478881122075,-54.43981185527824
1.3877833920065041,1.8124205317954332,291.35440120005796
0.026046796494152025,-0.17292800516134182,-12.10429527975401
-1.4596673827094733,-1.6095539422649807,-281.24784389272963
1.165398048251772,-0.43597098488329916,78.40694800440711
-0.757712246320397,-0.5996103233425059,-125.96352298988357
-0.42641474516167244,-0.3127188256430476,-68.78877954649336
-0.2132545676092573,-0.6968783276006918,-80.29700104199729
0.41619246752262956,-0.2737666544288813,17.975142199915446
0.7286998045124875,0.6013068338364593,123.23403442026907
0.24700502143555322,0.6755575733135637,81.82938317737748
-0.14560863640368862,0.4033207509059454,19.82595599758348
-0.004209240521883792,0.550657490189013,46.34194405592529
-0.5899741589051628,-0.46266794498191494,-97.72144317528286
0.0443851354382394,-0.678080471639123,-53.18277804306076
-0.13943396141001155,1.4136312608911346,106.22762173842483
0.7237866750947503,1.320104190508124,183.78378776699185
-3.6512635830927618,-0.5087162270536761,-404.83805325383895
-1.5503498206201962,1.4225553450933792,-32.75922870216964
0.08345669873633602,0.5684255014989192,56.53360968726595
-1.8387447406236357,-0.2854748271700753,-206.36006575485655
-0.9438562794772956,1.74503465228585,54.69432288878069
-0.23536922687647172,0.4961935364631668,18.821841768837324
-0.12731613217024082,0.23149955588935503,7.047618554604089
-1.0280268080951804,0.7396927857470398,-39.01055810562928
-1.3674401863897534,-0.5364417235457065,-180.99029652318978
0.87290601155152,0.663915474802028,142.83337311995854
0.537537757528698,1.620975158466445,190.8850331365476
0.6307855800548952,-0.7330139454282666,0.23279813480862543
-0.7650644264579172,-0.7799666237840035,-142.0066017077413
0.03759525749502086,0.7382483761998423,66.41168597085613
0.2140363958857377,1.0881697618721367,113.60078542317801
0.050497898522277956,-1.513766971667264,-123.53930582619057
0.04280649909205962,0.24389264117363763,24.9498253608496
0.9486616050326797,1.243635514438121,199.56329521605758
1.714073246611132,1.7310682850639,316.7638975821055
-0.5470171965404583,-1.8358743385685998,-210.07200105487394
1.2909526059028884,-0.7285892400397923,65.99498500972706
1.6089549847479956,0.21761498608530042,177.83817225237814
-0.017827675407634865,-1.62851186890473,-140.05015004821541
1.143999685849295,-0.2059486038570985,95.81979396759925
-0.1490039593410907,-1.0902094889924618,-107.33282846890197
1.3734320696503888,-0.998594349749108,51.23682062338513
0.33762291157988794,-0.8684113282189356,-40.3008087997124
-1.0024819220308971,1.327811969967209,13.459437442584033
-0.8671260412301605,-0.7381809884637781,-148.56711894484692
-0.4265232254084306,0.8478374492462148,29.748625049223286
0.1804593311157153,1.8483490899711568,174.82544240054563
-1.0328581409093132,0.5099767403707817,-58.995320680868254
-0.1687475777670489,-0.9704910516582296,-99.12250092248435
-0.10850016157035319,-1.5616552536193469,-143.3537354729679
0.7824426488174594,1.8655704421435173,235.91142624551952
0.4433512383555005,-1.5417025696413933,-87.00115437302104
0.7607981984426824,0.18127249770038528,90.74619124446738
-0.6990602579630262,0.39143292830994103,-36.00029527183077
-0.3738395813498173,-0.43283388476881157,-73.78097462262583
-0.42162129900667145,1.2876039216583233,67.57672345477323
0.9425110050472079,-0.34216727591532636,64.29632850866024
1.2891466712033133,1.7434371033343772,275.72719516971387
-0.2046543818007272,-0.5725249562786301,-68.88577840787053
-0.39552214648808326,-0.2733691060188787,-62.38764680288399
-0.7744618949277455,1.1349926343796053,19.67058467032227
1.372116541366126,1.3808724481820966,253.15794829259102
-1.8284949303819555,1.790355492081501,-29.076609412630347
1.1420199708824248,-0.5637903937314152,65.23772701364834
-0.26980118150041577,-2.323641755345343,-224.03361321346657
0.40429353785707656,0.6974456211525778,99.26669152809907
-0.12114415575810857,0.5286851618442434,32.89431504855976
0.28383245292684134,0.727406381400644,89.87968828298425
0.7395942913155057,1.049845341457997,162.40054167275252
1.5472164232701902,0.2982200884529069,178.56780413014667
0.7122193367516155,1.0638281441332187,160.87652392204018
0.10392062974849783,1.205072917166327,112.62111474388921
-1.7053418155169848,-0.7136917102715475,-229.50898514644408
-2.9340539038863698,-2.150439321604566,-473.2080072430052
-0.8292542692394155,-0.9117203607266535,-159.5521195345321
0.19804693541988536,-1.6285905095538926,-118.67545442840036
0.11265116136611109,0.07718870661944716,17.712018755876723
1.2268135239465863,0.5455917399019206,167.83885129379973
0.6691988676069056,0.4019435163178037,100.41189168885566
-0.8771371823562774,-0.6181973793936953,-139.3703179677419
-1.4797870533344302,0.2342147359763946,-126.67775984867491
-1.0971288427497834,-0.20615362950343502,-126.17094377377461
-0.5613813503105061,-1.2907788908404465,-165.2081522948629
0.6232616343407308,-0.7228017919729093,0.3547471288652204
1.32554868112775,0.7039744429610915,191.06710887462916
-0.2572705785229243,0.3715988226982357,6.072707203198078
-1.7818253544938678,0.3040671737276014,-150.66175442557034
0.1628298511506298,-0.20030104087928163,-0.8809415168112054
-0.14485888552487675,-0.02979484502713176,-16.87761374770286
0.4724384056855033,0.7692067209241844,112.10968652980021
2.0836060449786054,0.7427324765613927,269.4402773228175
0.24918203179553122,-0.701273885323521,-34.868059627007455
0.0677262285315949,1.64908589184617,146.7394035312086
0.3653604230805466,-0.33637325834105336,7.624251781409473
0.2454042405659538,0.9327507626967904,103.51028504444142
1.9015580749864915,1.8421772531093261,344.7681667934837
2.0212398856637797,0.809860120191368,268.96331580903205
-0.44721749992028675,0.13954858485086777,-32.44509801132675
-1.0823711061139036,0.19715672371885787,-90.46232939459645
-2.396882576119227,-0.5319748558697086,-282.5724616849995
0.22968528037801308,-1.6956579647197894,-121.23682873313278
1.6050430379253864,0.40212810811538235,193.11856649181962
0.5204369083749396,-0.5178838747926386,7.570956543374287
2.6341639124314904,0.4145101296760329,296.0996034292534
0.1656996554760022,-0.20137058713246683,-0.6875208544840881
1.1695918180687808,0.49120150450816297,157.55278419640274
1.0885583510311534,-0.23211870414085167,88.10636525033351
1.1677264019198108,0.2642138646028523,138.0934632393321
0.45237848920556795,0.8203534430511531,114.46594780828721
0.8429283168392363,0.17522077744926606,98.36691712905146
2.1420083000123755,0.12043103169346041,222.3822822502469
1.262513690199057,-2.279267487159967,-68.49694956753393
1.4352950131501496,-1.2872559658852338,32.852476648418886
2.6269309954654543,0.278628588424923,283.8448926852348
-0.11081756460740419,1.833199901511321,144.68943742160735
-0.54589144202996,-1.0060431787478923,-139.49573562118186
1.2852842162979756,0.10027362609531541,135.81609990488548
-0.3235054832670412,0.23305085707421877,-12.252293550066902
-0.9521898886688057,-0.5391493119314641,-140.09160500391178
0.9423830450657634,0.81287585441086,162.36365737051148
-1.3647526203097389,-0.2181608014542379,-153.69741470409735
0.6967406531241572,-0.5120633093451944,25.52727104781463
0.31161873503864557,-0.26884414216804314,8.035594794958755
-0.7426574168450135,0.8919351129504384,2.1815424536993078
-1.7909849960899502,0.6381603303419082,-123.19959401215431
2.120210307198125,2.0706091213573496,385.8218468257385
-0.6027782790899024,-1.1145765573410054,-154.3461778077695
2.0868961952935114,0.9509506571391317,287.4469107917736
-0.3533859425912744,-0.6549078107110528,-90.61245132862477
1.4265545369380974,-1.1908638462486594,40.17186963369967
-1.110297803002699,-0.7198747275209056,-171.09767932305454
0.4470566666449641,-1.2028079570132264,-57.857055167969854
-0.35717398082848656,1.128274026904594,60.43049858562333
1.5156659280265279,1.2001950241773938,252.03369788453398
-0.12321073656664226,-0.19611243186474975,-28.856253652563915
-0.13377321517815263,-1.19231684192931,-114.49469732174187
-0.2104471084343677,0.23522539858982164,-0.8697385499013706
-1.6086666500944684,-0.48861879997160473,-200.821789179951
-0.18416606774897684,-0.27658293470941037,-41.72671388873287
-1.8451070299783752,2.897389936494431,63.28140488520262
-0.9981654505026176,-1.2549972257212598,-205.43119516830166
0.829761774966177,-0.7580739906422478,17.812498987532905
0.6511396776909991,-1.4176123933600422,-55.883613342795044
0.36866843132451577,0.5181686186226994,80.51495944573448
-0.43829921100395186,-0.7688984508858889,-108.7021819017676
-0.7872577750205036,-0.03697805218154454,-81.11418660783762
0.48935607287489147,-0.3130752529721977,21.883782923486777
1.3142420637556749,-0.16380499197996062,116.26011460135086
-0.2813934614304286,0.8648065522548387,45.56397554310711
-0.7856393025284257,-0.528904252854042,-122.7255913508217
-0.4000298075054221,0.3192817797393959,-12.509408342833165
0.26442845234750867,0.3688753055770069,57.51329667932089
1.728369867484117,1.0640991904285597,261.5445104204084
-0.9267016126399026,1.4920294742861362,34.90958411223309
1.100459904772449,-0.5264888407116355,64.28884202389719
-0.5732581415320114,0.011712666415869467,-55.78396907400382
-0.3757360099059258,-1.0494002836309042,-126.32428404521862
-1.1118476806221218,-0.2779889282010145,-133.72864025941197
1.6860589765047493,-3.065711743659989,-93.32734839712555
-1.4741075208022747,0.14381103714827165,-133.7918207892002
1.0248704187632502,-0.4587024003559876,62.55811312247998
1.773990363369761,-1.6193738469353656,38.197020906464076
-1.1991428948385758,0.6323193640381579,-65.07637745305121
0.352876879340292,0.3534598931466687,64.96470756964952
-0.30590342533312537,1.3343686680042817,83.0090479421755
-0.013372995036179934,-0.9610754708487586,-82.93385308096404
0.4997177239153379,-0.346914822159684,20.03658331514688
-0.7022409747024322,0.5196681385824524,-25.426291363158974
-0.5968766651122983,-0.30157524507198863,-84.72598521085212
-1.05004271243031,0.19874111255379595,-87.12581506769011
-0.6364124545542842,-1.4097252482945297,-182.73991325086797
2.1113533699259137,-0.0013179168934090285,209.00779352292562
-0.9941281784155203,-0.20107551675878224,-115.53800255660761
-0.10390368156684758,0.7889732481762344,56.704157228926974
1.096595318071907,2.2140751103078053,296.619910566979
3.6471388950713552,1.0151536876849898,447.43344658749436
0.666908565068255,1.36031458609139,181.56472511666504
-0.14939296501307356,-0.6074690452005524,-66.37965546239279
-0.5327457752165325,-0.44898855230399753,-90.89165879689963
-1.724967651061412,0.263321363374799,-148.49017747367623
2.179843157822312,-0.35937284978366374,185.38730320619163
1.6947868662924426,-1.6303713109528726,29.4184388861801
-0.35942141224482244,-0.4402922319184997,-72.98624463784279
-1.149530484476416,1.3947160563457015,4.576095589490151
-0.7601204715487994,0.7049866712371652,-15.42274014227921
1.29534148878505,0.3820217561005385,160.73675006196532
0.9787062015298226,1.005972079732904,182.35798154706816
-1.1190999047431691,-0.9021007405275353,-187.44313187106036
-0.568546949737113,-0.417441553724804,-91.75879800978532
-0.32512327488155573,-0.3503972621219597,-61.95578046332221
-0.6373019743263626,1.6857915885940877,80.02649714433615
-0.8941486127085032,-0.4014551244641681,-122.65064318027345
-1.3090487069601247,-0.16938295095119782,-144.03825118536747
-0.08533584640746614,0.11684606359410915,1.4698168779863323
-0.8840683716357268,-2.605457891991192,-308.80421241782267
0.5477290603989141,0.7188558916771812,115.2913551856145
1.6607041798543738,-0.6429706748943734,109.88741840818798
-0.7397153658307837,-0.5006014564801281,-115.77371953447701
-0.9646566444528892,1.095998295506107,-2.478506118354886
-0.9473642087361287,-0.6429609494395472,-148.42876554843104
-0.23484528795744045,-1.7748837993189515,-173.9738434419294
-0.34004616511203023,-3.076663494570426,-294.9335761986701
-0.6799706222071749,-0.4815490340468949,-108.2384528740073
-1.2060515913733059,0.00909343446461457,-118.68161989728564
0.7089638841731508,1.3296042875428982,183.1223562131188
0.47588332219572044,-0.7865135016532957,-19.652440403807972
-0.8843869122104925,-0.7284964830216865,-149.45437199474628
0.20313306991429103,0.1861094355781568,35.92278777881122
-0.29779358523585914,0.7380826076662418,33.178909195381934
0.9621247845523435,0.7829593487504275,161.77863706687674
0.15172512969681454,-1.7777045716480158,-135.92537124658222
-0.8306619133923954,0.2051878268311055,-64.84975008335515
-1.973959362745231,-1.2153066339001968,-298.708721098718
0.9393177017740432,-0.7256195413009988,31.419358512492757
-0.3450296677365521,0.6831837394272477,23.838681175667837
0.07854421916189945,1.2625600121272114,114.9891921758544
0.060966330187412654,2.2994430204295364,201.29466978176845
-0.5624610921224987,0.8422562298353655,15.810686464891972
0.5142011676539979,0.31240367846051326,77.4568546653937
-0.3048613673046096,-0.21747763549054144,-48.662118703824206
0.5668241975127318,-1.1859498534154826,-44.563141041919025
0.11556039416118558,-0.5748895640227857,-37.37078801337212
1.5935146164564762,-0.2976116038871611,132.55862611319924
-1.8629586117526458,0.29146430735896295,-159.76779225831902
0.06379397657260379,1.4315792108981904,127.88044377813787
-0.9156793724332749,0.1408108539441094,-78.73687651475576
-0.6467255056548231,-0.13787185903562316,-75.76247604263587
0.7154479784761597,1.703656366538216,215.52705082987896
1.6088148766960624,-0.3927157487748331,125.9983169761467
0.14927538879819743,-0.730435824210368,-47.239620451507264
-1.5361977161795786,-0.1137610638103885,-161.81319191453093
1.0738833625248791,1.16288231030606,205.10880181702134
-0.873480015315761,-0.3212418023064482,-113.7922344176718
-0.13688377861301518,1.0033753210240803,71.64349447923138
0.4687616582164848,1.1814760470264207,146.75319865980637
1.9890049134017815,1.1339381692606214,293.28954368956744
-0.024537318821531477,-0.3262902764076395,-30.137108880967265
-0.9808855765077674,-0.578421293265536,-146.26854286152093
-1.2358918829862604,0.04247244938943384,-118.80279656069894
0.049377794155456144,-1.8950858197466949,-156.02977690486244
0.6695409393231724,0.23646202759297508,86.39398112567024
0.20467381618742325,-0.014014660142962083,19.081937904411177
1.100528334642551,0.37578717578753335,140.91200898692932
-0.18665950966273162,-0.5957775341432604,-69.07795314266383
0.36191095170277554,1.7338178059871858,183.07200320772452
0.6286960378785167,-0.9843699779358663,-21.31795329164636
-0.003152418268427097,0.9268093458019575,78.38739433943927
-1.2434476743671885,0.23512669327271477,-103.19200818400437
0.11031263627890692,0.6468103933697867,65.84958524327635
-1.7072670316475036,0.18649647478478792,-153.2605668521713
-2.324566314942226,0.6439326113147943,-175.55818419051263
-0.395872293375613,-0.4082825741717338,-73.87844775116004
-1.206610696103486,0.6387642562784632,-65.26876301831125
-2.7675813253362715,-0.638821539252289,-328.36128512765475
-1.180600199866016,-2.489107098923807,-328.2944282046466
-0.33893747158909654,-0.7489546745677961,-97.1673476418185
-1.0147566296384856,2.059561247787293,74.37986775328108
-0.9179337769064927,0.15076540501332403,-78.11487823658118
1.358414691494679,0.3875438502082043,167.45276291908044
-0.14289906891073137,-0.4292174352817963,-50.60030468767127
-0.42255895572511143,-0.38063275199362756,-74.17376414248707
-0.45123439070786103,-0.3165870685806825,-71.57551990410867
-2.061809180256532,0.6788150316328824,-146.57128942315617
-0.12322028652794635,0.40584317486882976,22.25760820519681
2.015783552600928,0.6597504096105117,255.67638838676314
0.021375659598485034,0.4133186286774308,37.21393729278518
0.47015908094466097,-0.895845764980033,-29.50330306113991
0.356117444109888,-0.35130944389311924,5.440477895638125
0.9360736098602185,-0.9715563948109183,10.214421629839947
-0.10130886796290965,-0.8295847747091518,-80.47801387609383
-1.6326783923455948,-0.8631470252937604,-235.00294734208583
-0.09600487279228764,-0.0616790796147252,-14.746288042835584
-0.7458692282164501,-0.1209997867320403,-84.14951441406181
-0.10794522258368455,-0.9286176845103223,-89.5446518260449
0.3464308010929954,3.060581209884613,294.2003241592601
2.4034148899575314,0.9498385520014699,318.7021773055586
0.40109486856116844,2.301706039705018,235.17497847124463
-0.6409190823371304,0.28165895386883283,-39.56309397141786
1.3609061576897512,1.7865607625015938,286.4964650395092
1.5333715126861018,0.27634700652591676,175.33918673696803
0.44970536263537075,0.31141515455330376,70.98490589569974
0.6476870445504734,0.5321717772161657,109.33952407110988
0.5975808401367403,0.09816360000202334,67.52311598271297
0.632628536744114,-1.599055474036129,-73.12421857068627
0.7106438382631779,-0.8320665357009073,-0.26862298657584915
1.3933703818011225,-1.0813997943181148,46.18022787258036
0.9929865676687004,-0.4331749860302538,61.567816053660174
-1.4964106392426224,0.4901989845594056,-106.58745345464307
-0.3349741553488977,-0.7873001838978073,-100.03089248641717
1.3111859176100014,0.10666116721417752,138.92393798721295
0.16886103521376206,-1.436441431661707,-105.24992340558074
0.646216234428897,-0.22195902834909148,45.157146302660195
1.0558998639419688,-1.011009392729485,18.73251846187931
-1.3210577621750705,0.4990331185482148,-88.4694220511447
-0.09477334897326158,-0.8559712523784889,-82.07129788028786
0.12457855934686961,-1.244984059917521,-93.37837372841474
0.6327284068767064,-1.3109368846961622,-48.64885779416307
1.6384942541109957,0.3680343453735398,193.53669588176538
0.23073857523118513,-1.3445552019085358,-91.31876102564279
0.8691818754164253,-0.8587371841426202,13.169103247660871
0.5175937332186311,0.020401503450387392,52.99763030842141
0.3084654918564285,1.1423585635996347,127.5549663177786
-1.7270076155230272,0.6462797790958884,-116.17347327556423
-1.198147900404635,-1.1077391800449892,-212.73416895543346
0.3612413588154517,0.7138669138456486,96.3969811684197
-1.4184362922952736,0.1877841291566334,-124.54388860296105
0.4523642625374766,-0.5867309534698384,-5.017442328595962
0.2618434960933925,0.25022642996272954,47.182249336519845
-0.27094197446433527,0.19806308576597453,-10.017095078886946
-0.3124657658769322,-0.01312797691149334,-32.063033411787245
-0.8458789158291986,-1.5192665924962756,-212.78824655718896
0.10939542195285501,1.4979078599112552,138.02932365301967
-0.7490693092432161,1.0861891301860493,18.041472772330494
-0.5406100242218129,0.8949620932494642,22.450429100440864
-0.7068368984165608,-1.5054313991266375,-197.84197358905104
1.2411132313278834,0.3695304313068267,154.30499847995813
0.29755607842074017,0.513987597860189,73.11658293702594
0.6843215119140112,-1.4873530928676302,-58.51910965617127
-0.657569191605665,-1.2274997726499575,-169.36178958624737
2.305787385569059,-0.4967144385756586,186.19918817999832
-1.3584664938867614,-1.8212329188005332,-289.1989993205362
0.0674266566499095,0.6902151873823287,65.28762885125536
0.8252111791697485,-0.47212242694765033,41.6432407303928
0.14058626878681427,-0.43403120260605765,-22.931163204143232
1.5842460485593233,-0.7086734723627616,96.73547163112887
0.3000756478571637,-0.014589398158599397,28.482240737207057
-2.8703408500974694,-0.19401022089065387,-300.7681703471737
0.35620273730213303,0.4305943537989644,71.84395864592058
0.10175862568337753,-0.6684284175739873,-46.68060130527984
-0.6667369395080529,0.1498285455814322,-53.31455610650751
0.1799904790517944,2.263778417995117,210.05501184581493
-1.0953320015639862,1.642808396375111,31.010859481178386
1.051991452754667,1.7256910672729122,250.73117967553648
-1.128614330797764,1.1985576436392638,-10.008966239804352
0.37048886666670006,0.03600271207981049,39.752349461230395
-0.11563181762031491,0.9953400700009882,73.06609212719036
0.9183023679908648,0.5965134652962308,141.60625714333116
0.613040039860939,-1.9401892115120913,-104.0315959876985
-0.5652347310474479,0.922455026598394,22.346017637645488
1.6118630029427394,-0.3952622198560858,126.08398714109268
0.034244681931437294,1.5997503323695572,139.23390416985262
0.09761633512265097,0.4560497150930303,48.39371288592093
0.16324478703280673,-0.5082335473009825,-26.987803612784038
0.8118145668601161,-1.030602921027481,-7.106768026816411
-1.9363867659561667,0.30899427251012324,-165.55195882690032
0.5625040046503068,-1.7618182751719462,-93.89066136741283
0.4241026337133133,2.1152221042047885,221.61858517516742
0.5016007116132927,-0.7678605180942573,-15.521342657339716
-1.5959507166815956,0.19117816407019864,-141.8376613560393
1.1501414874200642,1.6229759957453813,251.7304756400876
0.027129034787202987,-0.10597071046342517,-6.311454043573185
-0.2226993394294208,1.3123988041874548,89.38446281844976
-2.640389153456639,0.15779828431375745,-248.11885571169984
-1.1034491079869466,-1.6042349902507804,-245.51442861477094
-1.0598391231606397,0.46988950325893974,-65.07165204970428
1.4443206362804835,1.7744768446435004,293.7321792826342
-0.8097500332741155,1.9786215653004162,87.81185579467797
0.5629200173174118,0.22696727616114235,75.02743325042701
-0.31785786690799106,0.20095477546785673,-14.41834879091418
1.3362226636979455,0.48587729107851213,173.60468893618577
1.1278917543788145,-1.3599610381901368,-3.768103100205778
-0.1599224101536556,-0.26124167572202445,-38.022796107980575
0.8728933040187787,-0.9269819735231369,7.7417252890002715
-1.377955737594921,0.8225371807368478,-66.63468945958765
-0.35752871668674197,-0.6637387422204241,-91.77264862401611
1.299956494512887,1.0373530391928867,216.84102575074434
1.1743189473379327,0.941084668173927,196.22262435359093
0.13236014682340122,-0.43925877765153,-24.189819559017423
1.0945046146397275,0.4605570948288434,147.5135897173863
-0.6424423707013919,-1.6562988943856087,-204.27484600547015
0.282708355676204,0.838049342652554,99.16355231684165
-0.5697970209598455,0.6691305547246159,0.38320287816978293
1.0740424063442024,0.4154301829983836,141.65497064129045
1.7167311495593904,-1.0719340935274668,79.01137976619707
0.3199947398244589,-1.052578869795374,-57.68530650142307
0.5503851547840266,0.7811621515462257,120.84513885650671
0.25884136727800877,-0.46824547726063065,-14.123838017889685
-0.07452791437056978,-1.4183717865362515,-127.82208735641757
-0.46418177357379553,1.4575028454776255,77.78820277061902
-1.1340878894198412,1.7821147732456482,39.00141207999948
0.14210343419678312,-0.6934360175043232,-44.80814604500624
0.1538210884174334,1.012638258244592,101.22301413027841
-0.562609490359657,1.6476500888859087,84.18566987175367
0.8676028403001284,-0.3173530602424843,58.984112874782355
0.3946532651572414,0.40531336742004065,73.50557974640921
-1.157238297891632,-1.0862318875199775,-206.85598091070563
-0.46835796611982916,0.8007793733281081,21.609172331299753
1.9181493596717252,-0.26439669958163675,167.532612984157
-1.3612253926611844,0.0569124067182601,-129.99033321828463
0.7127561592469077,1.621419919767017,208.27736532264407
1.1661941620868073,1.7925761223667342,267.72194177558595
-0.2858590323462802,0.463958286846141,11.083819329046541
-0.6078864979369237,1.2016863234999502,41.8323674540238
0.3094940915002722,0.7121480512266607,91.12569919350699
0.9564262239350311,-1.4871549873987138,-31.551584991347113
-0.22555541499856402,0.49133346167293523,19.38116285216792
0.9627768643945568,0.06674201972205453,101.02592859797606
-1.705846416308242,-0.5658567532138767,-217.00562016129825
1.2318052081644322,0.35249498972631266,151.93652482554944
-1.0510471143456006,-0.13382272891677724,-115.46481543188074
1.815008922756939,-0.904449614480293,102.96720908518827
-1.6072664514916806,-0.07059628980540866,-165.18690001005953
0.16304513606324872,-0.5287386581923895,-28.748760996575832
-0.24705017116269445,0.41777141362813075,11.00571706659741
0.11313566997295463,1.7820452232231192,162.52718274301455
0.3250742764169658,1.0631856844462992,122.4770571560465
-0.44067657557831713,-0.2789233723251529,-67.3316205953788
0.67876451328541,0.3551018608297565,97.38178476008063
-0.2350552164223615,-0.48643634492638294,-64.5866609806977
1.0638955244221786,-0.4022681893343865,71.21545517031475
0.7705310779923035,-0.8334649964731674,5.5441790832980615
-0.679706807240505,0.5375054115579809,-21.679742626653685
1.393866267459506,-1.0234052485991625,51.15392554670409
1.7827436416354279,0.3840719279658308,209.1857495287792
-1.6906121414215973,0.6085201180266044,-115.77501708924497
1.5492729936910252,-0.4623595773901601,114.18719468838113
-0.295946807646085,0.957620604236497,52.003800752519595
-0.3161859819141513,0.40003410288404795,2.6519811645027396
-0.5125073328728028,0.6205544514074908,1.9326598542066975
-0.12462301940248546,-1.9195445430388336,-175.3406481676735
-1.013853089440889,0.03217406662900446,-97.6853725052865
0.4412933740554306,-0.23472778290359841,23.776239313715564
-1.2535426275609127,0.6628999165308829,-67.86768247551682
-1.4340040382647288,-1.3122333564191297,-253.45915654260563
0.8145267953976896,2.801818854056722,318.59035232670266
1.510361190909332,0.34055431296093686,178.51225816725486
-0.6644785225371622,-0.5625782538633585,-113.58459485429944
0.8402133107935863,-0.6974735611670064,23.99353490309521
0.9897639938403018,-0.6287915461934449,44.63793702978262
-0.4652093566173846,-0.3174358171398553,-73.0317462255615
0.3382178400892106,0.9851510531863489,117.1525878694159
0.23812276331884663,0.8684440203452267,97.32850864347083
0.4459952037800901,0.25555643975975173,65.87421263961427
0.23938852035808608,1.5998688843713171,159.56251136317115
-1.1806772094758469,0.9737488666043201,-34.25509451179899
1.1165726820841186,0.9354033426485103,190.02069873747894
0.16636905771040136,0.13829818962589246,28.221611952158863
1.1544762291488777,-1.2488017736472397,8.304007436073874
-1.1887394136370593,0.8538024322091944,-45.23881937312697
-0.778567129067531,0.42289445617768917,-41.203537596417334
0.04942224440157872,-2.0987161399608527,-173.31655750342296
-1.4293135909899515,-1.7787528526412848,-292.60889686458324
2.1569416714913663,1.3560737016505615,328.78544183120357
0.047279429356282016,1.029679431761762,92.11760381133615
0.9710943576192888,0.5745598008727142,144.97087129104995
0.04765331480182122,-1.1434196986160508,-92.37316530048491
-1.065826021431767,0.9761574656812234,-22.675094825175904
-0.8212680050952412,0.5447289769242528,-35.08733300724303
-0.5404908578098547,-0.7935012252843879,-120.91292215689946
0.19737618010777022,-0.7468705997084709,-43.87101348028085
0.43388118502262074,0.7088422144800384,103.16494692212717
0.21325006798517468,0.8336451775157396,91.9100550419493
1.603288586887462,-0.5680432247607792,110.56310469767922
0.11248926527280265,0.761775725461691,75.82740312298765
1.3339309589906183,-0.3339653521087718,103.76111227179615
-2.084798957906359,-0.34344079006841016,-235.65274378756104
-0.5274739996954589,1.5384222975440731,78.3906442845078
0.9414655524132646,0.014199491531751842,94.45351581079262
1.6792891786707103,-0.6949990523216933,107.31020802433142
0.05617279602143184,0.27917144821717954,29.269379826394434
0.07573151923012796,-0.6686584453705188,-49.277997522169215
1.4899065976631891,0.6440099227571311,202.25413186858356
0.19350628340025877,0.35811247639176386,49.57486550430333
0.7890858482469353,1.5202750879404172,207.24879406497115
-0.05622622711776352,0.2735723748512236,17.661337851256032
-1.4594810026661207,-0.47252767280271235,-184.67927529704954
0.36777995694225757,0.09076396902500587,44.134073740552665
1.2412253063360166,-0.455708034525197,84.24132096955529
-2.0230749604374303,-0.24628123703704127,-221.2890070476913
0.1814913157958079,0.9669038853038859,100.0801060114644
0.04051178730979109,1.2943015347982116,113.91757526254871
1.2653344946818612,-0.9954084498274207,40.80078934761475
0.9708804831741756,1.3634327708797562,211.93650522471
-0.2673441468055468,-0.32746670654948073,-54.285888807087126
-1.8528075741584944,-0.9241251527367135,-261.98364821481977
-0.0843516167536728,-0.5335097597113315,-53.65739158135678
-0.9633537537907475,0.3087451233150427,-69.19873362311847
-0.16674967101918306,0.9507141364752263,64.2137147448621
0.7327948832836131,0.7528069263831085,136.50419965502434
-1.1819265613914867,-1.289167245753306,-226.53340904680684
0.48755583524239876,0.6598295893108803,104.31928418816406
1.4532880905977212,0.2203946662856251,162.65612779905547
0.2963613463578745,0.862505943043744,102.59253932502696
1.2547233272755842,-0.505522906157957,81.34822806845884
0.2739885951073304,0.6636394571516526,83.4899584649751
0.31339132334404385,0.5136024405139574,74.65228461625043
0.5775361652109441,2.3874363038500968,259.93041538092973
1.348356816270869,-0.2097623844863075,115.73656902707526
-0.8099293840886838,0.4071880905483701,-45.64352212815428
-0.4370983606825508,2.2789745677458555,150.22561506795938
-1.5923358252880035,-1.8136833608506542,-311.72159827788096
-0.9531932963954599,-0.3035501498427074,-120.1851838790434
0.12953218954443974,-0.7119437692504313,-47.62484716799866
1.2142412252338703,-0.7591018271088319,55.80611701193092
-0.6851542445538144,-0.7854940174159771,-134.56122720405904
0.23143550695882936,0.6038675969813153,74.19977112932203
-1.0007696263182773,-0.8122039699543413,-168.0895231403336
1.019523535362435,-0.42778208240484095,64.65411508283705
-1.9833418755331211,-2.340282904404644,-395.1649031469798
1.5364578439675625,-0.018471757053820235,150.61046186611685
0.15450882278337313,-0.16276173646059514,1.4825337143640773
0.2994928215390672,0.714621527846742,90.34515427924586
0.0382303223307027,0.4398408846794484,41.13543926424072
-0.4369936787102614,-0.4327407305078389,-80.02818325880887
-0.7020729504549112,-0.9024962846961233,-146.17214454070537
1.5427958694966508,-2.2608342627152576,-39.1710574333745
0.017520081989870238,1.3299010012542158,114.66326783943636
-2.21799376888614,-0.40848231889822445,-254.36804271706407
-0.5241440479377811,-0.4063986972229826,-86.4231981571269
-0.23744604444612272,1.524017479367638,105.89338146334225
1.3365443581912386,0.033852571456940775,135.25306189952968
-0.12259377434321435,-1.320733249444004,-124.29185120279422
-0.4294808518311295,-0.9051574483436461,-119.3991401432003
-0.14208760237984427,-0.4692941495420922,-53.92303008582647
0.4538467825917674,0.1513290812760093,57.80145249399508
-1.558560007892254,-1.7942542024417185,-306.72644226323723
0.9983496800826122,-0.26411068001119026,76.45503192283046
-0.34431047724778746,-1.2239373408006051,-138.03247257055423
0.9643159934199156,-0.9540274695212995,14.500159333205787
-1.2433329372063715,0.5003723617863853,-80.6574193710869
0.9994843373293291,0.38104592820897587,131.3506170799934
1.3772512775316386,-2.525233026339092,-78.01878722208397
0.18274566413391632,1.2757763195169949,126.43211649783997
1.2058419064725348,0.16498634108538518,133.44276267460398
-0.10494571501037994,1.103968906777565,83.34867283954952
-0.8076994654418901,-1.5166078183605107,-208.7809813763067
0.2076636239751675,-0.09932839872382136,12.133684111309327
-1.1998103356273944,0.9342217634194188,-39.50656879921394
-1.186574200056533,0.2255455320687413,-98.37253609586067
-0.37783577055657597,0.47508623276664586,2.918877249300884
-0.4437574409994677,0.4182364060695669,-8.437735924763004
-0.790712396356506,-2.368371578182073,-279.4256536366395
-0.5268919064782728,0.41667312645362903,-16.80456222164146
-0.3928054047164919,0.947269939736506,41.531486131378664
-0.23120967328335665,-0.26426189073951495,-45.339927326071425
-0.8313318593456893,-1.438386329688067,-204.4795148851606
0.8901433914735466,1.2984975836221035,198.42592867558275
0.9673298423556502,-1.5539042519887503,-36.1396182330821
1.5333672606338826,0.4591726118392612,190.8633251439839
-0.31435326955982223,-0.7469486062026199,-94.56205263880297
1.8473747253680766,0.7328965705630587,245.2074550743149
1.3759638481413698,1.7126084445229885,281.708229001992
-0.19342448947673846,-0.3082627653307237,-45.33379690220371
-1.8572280473986806,0.05236896365568144,-179.50288736147164
-0.0032031039756063697,-0.08244102777354294,-7.317697786677847
-1.1929503692628551,-0.9751283617958575,-200.9587857553775
1.7370494750843617,-0.3358996861921178,143.52386796844723
-0.15376765259132313,-0.31694398911981586,-42.143134644246466
-0.8317566859927156,-0.4965920308818293,-124.54952432121435
-1.004768605778669,-1.809640237395178,-253.18248548308912
-0.4281598848641367,-1.5458706063492893,-173.67419346480656
0.4794956442419886,-0.873142468700404,-26.65071913630588
0.21261584230585073,-0.7902655241258828,-46.04645781410339
0.2208025163524935,1.5113754224521967,150.2072691691926
0.7033118147048858,-1.097653062850265,-23.546994223556496
-0.4623497818724593,0.8146962658748076,23.386002049090628
1.1835895350655259,-0.5600580390729628,69.671929793982
-1.4392945012719158,1.2856030899139883,-33.388960562634594
0.10568856819529102,1.0218581677801746,97.23861724273628
0.9364002674692811,-2.3263532058649408,-104.79522713168784
0.3919150083200079,0.1620724706976604,52.57966950812808
-0.1821098449296696,0.8483000576569975,53.99591263420448
-0.7768187107744374,-0.5441666821599962,-123.14795565674544
1.3064656286363845,0.30781835202586444,155.53759331319452
-0.10599860109077515,-0.03737092409732769,-13.672003394872064
-0.12475017513316322,-1.6577424956354523,-153.12243135893846
1.15705009894437,-1.3785964454301987,-2.462522851778516
0.7438706058721196,0.3041300607928586,99.50199056427857
0.7470692163282064,0.42730917313147276,110.27850064403187
-0.6019761855337792,0.033655290994636676,-56.7651086327093
-0.9596660036522444,1.9451880538780701,70.12438554864481
-0.35385906392953304,1.5113853933955783,93.29056655763078
-0.7489251211322668,1.6405757233827079,65.13125884681806
0.15378354808423408,1.863580053622318,173.4766613946486
-0.5304119230800416,-1.0723479447215143,-143.59280284413126
-0.12164179638437066,0.8730311891319069,62.085024468874636
0.8950542375435744,-2.542032449280285,-127.20467100230093
-0.22192066456349058,0.8102314903275868,46.8202602087816
-0.1831768969510096,-0.12597416711595597,-28.83986083704015
-0.6415483435651366,-0.1805384210152749,-78.87271548967935
0.5678446065186001,1.4735370333722086,181.3671386566447
-1.3325946749938498,-0.23794230453821474,-152.19205823919754
1.3444478687542822,0.04805934651471707,137.24223010081542
-0.014788833668153794,1.2925200466872315,108.28903236290321
-0.5024519879538419,-0.2870272588947893,-74.13832519629618
0.7265509819126695,-0.36568008058935186,40.909915518662245
0.9936083218323781,0.5700766932939405,146.82009324189966
0.3160508700760299,0.8875557222477,106.66978630588571
-0.02101512361552444,-1.2264599093814632,-106.22577850386466
0.3244981114758939,0.047233456320743,36.15083359595697
1.7238198321895188,0.8828495234527212,245.70311123559907
0.1932561585437299,-0.1794376135639654,3.9042514965724795
-1.212340322857842,1.6599299929236413,20.87560417283659
-1.0175901622751626,0.8592561154960476,-27.824187042712055
1.0049031345106427,0.15816142981660916,112.96118001922298
0.1797378047965936,1.4004083943083017,136.71728238863528
-0.5301207410134887,1.3080892924057983,58.56986642867866
-0.8501714803848274,1.4508622759639602,38.99384140369109
-1.4429454436163465,0.32654544179790596,-115.18854709782146
-1.1276484952725443,-0.4185680093895255,-147.23085094064191
0.1871734734840128,-0.28307896067431404,-5.498871585877112
0.04269832183374189,-0.2964157783380133,-20.940951796042043
0.43597941859293443,-0.37034270937691655,11.73423223850715
-0.44872310549598826,-1.311091377299583,-155.77470485063867
-0.7409205138609665,-0.23488900537615223,-93.33022254597658
0.10257978659751663,0.1728505115971455,24.83757808369421
-0.5280355560084934,-0.4683712323267156,-92.07100569317565
-0.23061891072310914,2.1332913969297316,158.30581624645575
1.7995186432673758,2.242816027694423,368.68171041334284
-0.28397354380242074,0.8872276428856137,47.21230791970182
0.4166079137673526,0.29802883705686306,66.57006442002304
1.0449204468605697,-0.269330128129725,80.62444191823246
-0.6069594240287176,-1.5347532524337177,-190.43942845087452
0.5797241753394797,0.0905552206330904,65.10843427722504
-0.01980857506261407,-0.10839122950081172,-11.165942739232399
0.9478572152131579,-1.1954481695757653,-7.630143317634207
0.20701966539518166,0.7777917530981159,86.55019262847628
1.1522044188578304,-0.12274442084597395,103.69768278900125
-0.2360366197912726,1.7540092230246311,125.56263079908761
0.22149616047965778,-0.22197229414090508,3.089477424568191
-2.0796364802860716,-1.7757386585481068,-356.76439689958113
-0.20803274539469,2.2543031620405802,170.81853383191697
0.9082745921299344,-0.19182744319004796,73.67141529494461
-0.7445284018866095,-0.01597215392692412,-75.09833445463073
-0.17361123433324746,1.4208681780901802,103.45704204609456
0.6223961095020074,-2.1333353010227056,-119.50584006431531
-0.8392713074093485,-1.4707960116079821,-208.01793472567118
2.1443501336373374,0.25276838272421975,233.85160057622284
-1.6967592762810388,0.3101920589027878,-141.71626407468074
0.5274269493736211,0.9665780080041795,134.31574533019665
-0.03433367192155151,-1.5666713631227565,-136.43383142122158
0.43691152424900725,-0.637959002869121,-10.89797230112655
-0.05800704161419092,-2.4446217330216276,-213.32935550673028
0.37091835512238996,2.942633115440025,286.610189232076
0.8088719004876713,-0.8915172832434014,4.412173159224551
0.5232554019555745,1.6323989623520379,190.4404799432956
0.3238299846118719,-1.8421323209480318,-124.35004336376399
0.32919990051426634,-1.0329945355313406,-55.11058274268976
0.8566290915160151,-0.21841292082728786,66.2986746580759
1.4513073587233447,0.5063064470074421,186.73802442304205
0.9078166082925593,-0.9457482283958853,9.607187036782022
-0.8902229034921622,-1.1271076836738032,-183.88030253933664
-0.27923816919263494,0.28239088591679085,-3.678134711158183
1.2570896497163613,-1.950666241983611,-41.13113864186907
0.11761728701208393,-1.1759437630425469,-88.20532744903446
-1.0200018301644609,2.1638652131349736,82.71728255158483
1.4528564147936223,-1.8918222248541203,-16.74463860153486
-0.08006324670735195,-2.0503944931860962,-182.03827911614502
-0.386922415930924,0.4403716330525526,-0.9288882615153327
1.1045913259875977,1.1102890985404117,203.6843518687512
-0.04101354975750027,1.1258738166691993,91.54090185764481
-0.21181261653289515,-1.0971519758608785,-114.14325138153941
-0.3191237444697164,0.45321462056600115,6.8768108270923705
-0.8858813449112138,-0.11611334784302856,-97.60213164475996
-1.2357030134965248,2.3516726192225352,77.30067345370308
-0.18933662449463426,-1.0387407689265578,-106.95714607403744
1.3348613636956506,0.34517781624064997,161.52242165836054
-0.6034278160940547,-0.6698679701147472,-116.64826835490243
2.4838298228410736,-0.08245701825153018,239.00995620204543
0.49737322782182103,-0.5700759742356033,0.8547363322688994
0.27372402758791764,-0.6850672468101916,-31.061109500001624
1.8474035138298055,0.8517429311112269,255.30209526960198
0.5090016279058645,-0.5828727695372552,0.9198406225236653
0.2336564151995896,-0.28685115293399177,-1.2152671293672945
-1.9687725914003946,-0.988121258996906,-278.9036448160112
0.6973323490385771,-0.7970532025931216,1.386078578473004
-1.2940538982201382,-1.555969278791228,-260.2944814675312
1.4197275027573584,0.2657452937824939,163.18303760358162
0.10373312809884906,0.30739189296502806,36.37633611914554
0.3549256172734309,0.6036408135684491,86.41163337648868
1.1033931740746978,-1.950868487181174,-56.37123127580364
-0.3353386025452503,-0.44467025869463556,-70.9727129664349
0.8322328566257791,1.2019623510319057,184.49291153051573
-0.03623365656311223,0.018845982072435017,-1.9884760288180028
0.6586108820728456,1.5033750269202795,192.89079561467702
-0.27627121442328884,-0.7123530494694359,-87.85253551117276
-0.8333493208820825,0.3347940100635453,-54.11047060073861
-1.249563676875402,-1.1786219086539425,-223.84563896441472
-0.8806422222030069,-0.6263613278032796,-140.41071407018433
0.22761113207261902,-0.4243507438098019,-13.489744285653959
-1.081981287460868,-0.3207165375117366,-134.39871032854685
-2.700125201162995,0.2815906294712317,-243.52365758654423
0.4806163996530481,2.1441157437280993,229.66950138478148
0.2835807618148606,0.23378373983066217,47.93899999060751
1.724260333138241,0.25270245049475626,192.2380665391972
-0.039558561438368244,-0.023728121501710345,-5.932954488168843
-1.7484236606549903,2.823807853219201,66.60924996006514
-0.5723976966122672,-0.6363142819575724,-110.72568239637404
-1.007276601027089,-1.5998122103033603,-235.61343184829968
0.11990771962638029,-0.898852017158044,-64.44934146017853
1.8004649534176222,-0.26057724743898036,156.20084860376184
0.13340177055347427,-0.841220861032805,-58.21909321483248
-0.06595301114010022,-2.6086623337106203,-228.04580549640977
-0.3555010844400363,0.8604435707215687,37.85348037794561
-0.5505892899091018,-1.3861035446210854,-172.23370201963377
0.23484429975956175,-1.234901874009642,-81.60094183747665
-0.4968323362553482,1.7115024420450164,96.12258597244258
-2.5613715482686654,-0.9427889472483783,-333.7484333679565
1.1841814525171632,0.4180570172182955,152.7867859987211
-1.3805217064172344,0.8062227104034666,-68.27417310573063
1.10100366104213,0.49687180326140507,151.24093817900962
0.24553963124538572,0.0815019130264835,31.240256014088853
-0.5414699658786633,1.0275159024431255,33.62100697198521
1.2284478241273085,1.2298447041562615,226.10377441919942
0.5161872942153749,-0.6545630366854908,-4.456001593941394
0.36343075962388616,-0.22348364217372918,17.019101999082764
0.187589979312888,0.9229188056445022,96.94917560743468
-0.30474569870376395,-1.021669737546251,-116.93829713760826
0.48493618744121164,0.444726102171335,85.79439794865308
0.2253002756887272,-0.3085081390828862,-3.8818976652042103
-0.1965218046081818,2.008407352224996,151.07849932844766
1.4586010274040444,-0.9980996762116804,59.71441365444211
0.5663312070541299,-2.1928252841246767,-130.11037411388878
-0.22339514409188327,-0.8436002998412209,-93.76021254804442
0.4673628969790864,0.7388076553951699,109.0256571722192
